[{
  "Id": 1,
  "Name": "Richard Muncaster",
  "Phone": "676-980-8801",
  "Email": "rmuncaster0@sun.com",
  "Company": "Flipstorm",
  "City": "Lujing Zhen",
  "Url": "https://huffingtonpost.com/bibendum/morbi/non/quam.jsp"
  }, {
    "Id": 2,
  "Name": "Auguste Kingsnoad",
  "Phone": "487-506-2524",
  "Email": "akingsnoad1@sina.com.cn",
  "Company": "CogIdoo",
  "City": "San Juan Bautista",
  "Url": "https://prnewswire.com/quis/turpis/sed/ante/vivamus.jsp"
  }, {
    "Id": 3,
  "Name": "Staffard Laetham",
  "Phone": "535-800-2750",
  "Email": "slaetham2@e-recht24.de",
  "Company": "Mybuzz",
  "City": "Campinas",
  "Url": "https://cnn.com/enim.json?potenti=vel"
  }, {
    "Id": 4,
  "Name": "Ivory Soots",
  "Phone": "822-236-1803",
  "Email": "isoots3@bigcartel.com",
  "Company": "Quinu",
  "City": "Altanbulag",
  "Url": "https://virginia.edu/integer/tincIdunt/ante.aspx"
  }, {
    "Id": 5,
  "Name": "Towney Jozefczak",
  "Phone": "746-831-8713",
  "Email": "tjozefczak4@sina.com.cn",
  "Company": "Thoughtblab",
  "City": "São José",
  "Url": "https://discovery.com/donec/pharetra/magna.jsp"
  }, {
    "Id": 6,
  "Name": "Lexis Aizikovitz",
  "Phone": "412-913-0895",
  "Email": "laizikovitz5@joomla.org",
  "Company": "Tagtune",
  "City": "Binlod",
  "Url": "http://europa.eu/pede/libero.html"
  }, {
    "Id": 7,
  "Name": "Kendricks Sibille",
  "Phone": "487-495-7445",
  "Email": "ksibille6@bbc.co.uk",
  "Company": "Livefish",
  "City": "Lipovljani",
  "Url": "https://trellian.com/vel/sem/sed/sagittis/nam/congue.jpg"
  }, {
    "Id": 8,
  "Name": "Bat Toupe",
  "Phone": "254-364-0108",
  "Email": "btoupe7@netvibes.com",
  "Company": "Eare",
  "City": "Panjiawan",
  "Url": "https://php.net/habitasse/platea.jsp"
  }, {
    "Id": 9,
  "Name": "Cad Cregg",
  "Phone": "783-819-6045",
  "Email": "ccregg8@dagondesign.com",
  "Company": "Voonte",
  "City": "Xinying",
  "Url": "http://flavors.me/elit/ac/nulla/sed/vel/enim/sit.png"
  }, {
    "Id": 10,
  "Name": "Pail Argabrite",
  "Phone": "252-770-3468",
  "Email": "pargabrite9@discovery.com",
  "Company": "Voolia",
  "City": "Mensalong",
  "Url": "http://soup.io/ultrices/posuere/cubilia.json"
  }, {
    "Id": 11,
  "Name": "Winni Pampling",
  "Phone": "637-840-3819",
  "Email": "wpamplinga@google.com.au",
  "Company": "Vinder",
  "City": "Tha Uthen",
  "Url": "http://de.vu/ac/neque/duis/bibendum/morbi/non.html"
  }, {
    "Id": 12,
  "Name": "Osmund Bernardy",
  "Phone": "182-726-4760",
  "Email": "obernardyb@ted.com",
  "Company": "Gigaclub",
  "City": "Johanneshov",
  "Url": "http://acquirethisname.com/sed/vel/enim/sit/amet/nunc.png"
  }, {
    "Id": 13,
  "Name": "Anallese Ferrero",
  "Phone": "173-202-5632",
  "Email": "aferreroc@51.la",
  "Company": "Viva",
  "City": "Oras",
  "Url": "http://wunderground.com/suscipit/a/feugiat.js"
  }, {
    "Id": 14,
  "Name": "Bernete Speakman",
  "Phone": "960-127-7869",
  "Email": "bspeakmand@umn.edu",
  "Company": "Zoomzone",
  "City": "Obukhiv",
  "Url": "https://slIdeshare.net/est/risus/auctor/sed.jpg"
  }, {
    "Id": 15,
  "Name": "DavId Blaes",
  "Phone": "484-582-5816",
  "Email": "dblaese@mashable.com",
  "Company": "Shuffletag",
  "City": "Bindura",
  "Url": "https://theatlantic.com/ac/consequat/metus/sapien/ut/nunc.js"
  }, {
    "Id": 16,
  "Name": "Flor Nodin",
  "Phone": "514-845-4769",
  "Email": "fnodinf@surveymonkey.com",
  "Company": "Photolist",
  "City": "As Sūsah",
  "Url": "http://domainmarket.com/duis/faucibus/accumsan.jpg"
  }, {
    "Id": 17,
  "Name": "Marci Dowman",
  "Phone": "784-891-7731",
  "Email": "mdowmang@arstechnica.com",
  "Company": "Yozio",
  "City": "Fumin",
  "Url": "https://sakura.ne.jp/a/odio/in/hac.xml?consectetuer=amet"
  }, {
    "Id": 18,
  "Name": "Normie Myall",
  "Phone": "963-508-2749",
  "Email": "nmyallh@mapquest.com",
  "Company": "Minyx",
  "City": "Wałcz",
  "Url": "https://sitemeter.com/dignissim/vestibulum/vestibulum.json"
  }, {
    "Id": 19,
  "Name": "Demetris Minchella",
  "Phone": "884-348-9811",
  "Email": "dminchellai@ca.gov",
  "Company": "Yotz",
  "City": "Thị Trấn Yên Cát",
  "Url": "http://gmpg.org/nibh/in/hac/habitasse/platea/dictumst.png"
  }, {
    "Id": 20,
  "Name": "Joby Emsley",
  "Phone": "275-208-0201",
  "Email": "jemsleyj@archive.org",
  "Company": "WikIdo",
  "City": "Simpang",
  "Url": "https://cocolog-nifty.com/morbi/a/ipsum/integer/a/nibh/in.js"
  }, {
    "Id": 21,
  "Name": "Kizzee Guslon",
  "Phone": "684-532-4882",
  "Email": "kguslonk@mail.ru",
  "Company": "Skyba",
  "City": "Miskolc",
  "Url": "http://xing.com/ut/volutpat/sapien/arcu/sed/augue.jpg"
  }, {
    "Id": 22,
  "Name": "Adi Barthorpe",
  "Phone": "554-351-5378",
  "Email": "abarthorpel@shareasale.com",
  "Company": "Quimba",
  "City": "Kafr Baţnā",
  "Url": "http://over-blog.com/sed/vel/enim/sit/amet.json?amet=in"
}, {
  "Id": 23,
  "Name": "Cyndie Cardero",
  "Phone": "904-635-0052",
  "Email": "ccarderom@unblog.fr",
  "Company": "Topicware",
  "City": "Marly-le-Roi",
  "Url": "https://linkedin.com/enim/blandit/mi/in/porttitor/pede/justo.jsp"
  }, {
    "Id": 24,
  "Name": "Sherye Gaw",
  "Phone": "132-645-7017",
  "Email": "sgawn@themeforest.net",
  "Company": "Avaveo",
  "City": "Cuevas",
  "Url": "https://nyu.edu/nulla.html"
  }, {
    "Id": 25,
  "Name": "Wallace Earingey",
  "Phone": "717-778-5073",
  "Email": "wearingeyo@java.com",
  "Company": "Thoughtbeat",
  "City": "Igoumenítsa",
  "Url": "https://skype.com/lorem/quisque/ut/erat/curabitur/gravIda/nisi.aspx"
  }, {
    "Id": 26,
  "Name": "Scottie Manie",
  "Phone": "467-216-8986",
  "Email": "smaniep@narod.ru",
  "Company": "Lazz",
  "City": "Арачиново",
  "Url": "http://vistaprint.com/mollis/molestie/lorem/quisque/ut.js"
  }, {
    "Id": 27,
  "Name": "Tildie Ifill",
  "Phone": "633-968-2643",
  "Email": "tifillq@jugem.jp",
  "Company": "Avamba",
  "City": "Shanxi",
  "Url": "https://creativecommons.org/nulla/nisl/nunc/nisl.jpg"
  }, {
    "Id": 28,
  "Name": "Ingra Scamerdine",
  "Phone": "171-465-1003",
  "Email": "iscamerdiner@tinypic.com",
  "Company": "Eabox",
  "City": "Guanshan",
  "Url": "https://goodreads.com/ipsum.json"
  }, {
    "Id": 29,
  "Name": "Loren Reay",
  "Phone": "652-408-3736",
  "Email": "lreays@nifty.com",
  "Company": "Mycat",
  "City": "Cícero Dantas",
  "Url": "https://prnewswire.com/sed/ante/vivamus.json"
  }, {
    "Id": 30,
  "Name": "Linet Hackett",
  "Phone": "304-922-8988",
  "Email": "lhackettt@weather.com",
  "Company": "Jamia",
  "City": "Mendoza",
  "Url": "https://tinypic.com/habitasse/platea/dictumst/etiam/faucibus/cursus.html"
  }]
